{
  "id": "AUSGANG_-3008-70-8352",
  "name": "AUSGANG",
  "groupName": ":Waystones",
  "displayId": "waystone:417b90d9-ad7d-4efb-89b2-effd52abd079",
  "icon": "journeymap:ui/img/waypoint-icon.png",
  "colorizedIcon": "fake:color--1-waypoint-icon.png",
  "x": -3008,
  "y": 70,
  "z": -8352,
  "r": 255,
  "g": 255,
  "b": 255,
  "enable": true,
  "type": "Normal",
  "origin": "waystones",
  "dimensions": [
    "minecraft:the_nether"
  ],
  "persistent": true,
  "showDeviation": false,
  "iconColor": -1,
  "customIconColor": false
}