{
  "id": "Bergdorf_-169-63-356",
  "name": "Bergdorf",
  "groupName": ":Waystones",
  "displayId": "waystone:39d3211c-7c63-4169-bfe4-d793de36cff6",
  "icon": "journeymap:ui/img/waypoint-icon.png",
  "colorizedIcon": "fake:color--1-waypoint-icon.png",
  "x": -169,
  "y": 63,
  "z": 356,
  "r": 255,
  "g": 255,
  "b": 255,
  "enable": true,
  "type": "Normal",
  "origin": "waystones",
  "dimensions": [
    "minecraft:overworld"
  ],
  "persistent": true,
  "showDeviation": false,
  "iconColor": -1,
  "customIconColor": false
}