{
  "id": "Berlin_-2828-84-8316",
  "name": "Berlin",
  "groupName": ":Waystones",
  "displayId": "waystone:fbfdfbe8-afe8-476f-bf41-5cb01a8d31de",
  "icon": "journeymap:ui/img/waypoint-icon.png",
  "colorizedIcon": "fake:color--1-waypoint-icon.png",
  "x": -2828,
  "y": 84,
  "z": -8316,
  "r": 255,
  "g": 255,
  "b": 255,
  "enable": true,
  "type": "Normal",
  "origin": "waystones",
  "dimensions": [
    "minecraft:overworld"
  ],
  "persistent": true,
  "showDeviation": false,
  "iconColor": -1,
  "customIconColor": false
}