{
  "id": "Dschungel-Strand-Inseln_-3191-64-7950",
  "name": "Dschungel-Strand-Inseln",
  "groupName": ":Waystones",
  "displayId": "waystone:cd93d4a4-4008-405f-b670-d2c8f6a71fe8",
  "icon": "journeymap:ui/img/waypoint-icon.png",
  "colorizedIcon": "fake:color--1-waypoint-icon.png",
  "x": -3191,
  "y": 64,
  "z": -7950,
  "r": 255,
  "g": 255,
  "b": 255,
  "enable": true,
  "type": "Normal",
  "origin": "waystones",
  "dimensions": [
    "minecraft:overworld"
  ],
  "persistent": true,
  "showDeviation": false,
  "iconColor": -1,
  "customIconColor": false
}