{
  "id": "eCuracao_-583-88-9438",
  "name": "eCuracao",
  "groupName": ":Waystones",
  "displayId": "waystone:842639cf-8606-4ba1-a066-13851863c0f6",
  "icon": "journeymap:ui/img/waypoint-icon.png",
  "colorizedIcon": "fake:color--1-waypoint-icon.png",
  "x": -583,
  "y": 88,
  "z": 9438,
  "r": 255,
  "g": 255,
  "b": 255,
  "enable": true,
  "type": "Normal",
  "origin": "waystones",
  "dimensions": [
    "minecraft:overworld"
  ],
  "persistent": true,
  "showDeviation": false,
  "iconColor": -1,
  "customIconColor": false
}