{
  "id": "großer-Feldberg_-1857-215-4976",
  "name": "großer Feldberg",
  "groupName": ":Waystones",
  "displayId": "waystone:ebd185be-1f25-4f2b-9a9c-576ed7b5275e",
  "icon": "journeymap:ui/img/waypoint-icon.png",
  "colorizedIcon": "fake:color--1-waypoint-icon.png",
  "x": -1857,
  "y": 215,
  "z": -4976,
  "r": 255,
  "g": 255,
  "b": 255,
  "enable": true,
  "type": "Normal",
  "origin": "waystones",
  "dimensions": [
    "minecraft:overworld"
  ],
  "persistent": true,
  "showDeviation": false,
  "iconColor": -1,
  "customIconColor": false
}