{
  "id": "Holzappel_-8793-94-8094",
  "name": "Holzappel",
  "groupName": ":Waystones",
  "displayId": "waystone:76a86aad-573d-469b-b90e-ad167072a183",
  "icon": "journeymap:ui/img/waypoint-icon.png",
  "colorizedIcon": "fake:color--1-waypoint-icon.png",
  "x": -8793,
  "y": 94,
  "z": 8094,
  "r": 255,
  "g": 255,
  "b": 255,
  "enable": true,
  "type": "Normal",
  "origin": "waystones",
  "dimensions": [
    "minecraft:overworld"
  ],
  "persistent": true,
  "showDeviation": false,
  "iconColor": -1,
  "customIconColor": false
}