{
  "id": "Island_-6017-93-10196",
  "name": "Island",
  "groupName": ":Waystones",
  "displayId": "waystone:043ff742-38f4-4380-8e4b-085958811316",
  "icon": "journeymap:ui/img/waypoint-icon.png",
  "colorizedIcon": "fake:color--1-waypoint-icon.png",
  "x": -6017,
  "y": 93,
  "z": 10196,
  "r": 255,
  "g": 255,
  "b": 255,
  "enable": true,
  "type": "Normal",
  "origin": "waystones",
  "dimensions": [
    "minecraft:overworld"
  ],
  "persistent": true,
  "showDeviation": false,
  "iconColor": -1,
  "customIconColor": false
}