{
  "id": "Jungle-Village_213-82-1929",
  "name": "Jungle Village",
  "groupName": ":Waystones",
  "displayId": "waystone:de3b6965-dff6-4b76-a537-26258a976ad1",
  "icon": "journeymap:ui/img/waypoint-icon.png",
  "colorizedIcon": "fake:color--1-waypoint-icon.png",
  "x": 213,
  "y": 82,
  "z": -1929,
  "r": 255,
  "g": 255,
  "b": 255,
  "enable": true,
  "type": "Normal",
  "origin": "waystones",
  "dimensions": [
    "minecraft:overworld"
  ],
  "persistent": true,
  "showDeviation": false,
  "iconColor": -1,
  "customIconColor": false
}