{
  "id": "Kairo_-6457-79-283",
  "name": "Kairo",
  "groupName": ":Waystones",
  "displayId": "waystone:14e26bb7-ceca-4ac3-ab02-24552271004b",
  "icon": "journeymap:ui/img/waypoint-icon.png",
  "colorizedIcon": "fake:color--1-waypoint-icon.png",
  "x": -6457,
  "y": 79,
  "z": -283,
  "r": 255,
  "g": 255,
  "b": 255,
  "enable": true,
  "type": "Normal",
  "origin": "waystones",
  "dimensions": [
    "minecraft:overworld"
  ],
  "persistent": true,
  "showDeviation": false,
  "iconColor": -1,
  "customIconColor": false
}