{
  "id": "Lavafluss-Loch_-2168-79-5341",
  "name": "Lavafluss \u0026 Loch",
  "groupName": ":Waystones",
  "displayId": "waystone:e1d069df-f0a3-4deb-8ace-2226de042367",
  "icon": "journeymap:ui/img/waypoint-icon.png",
  "colorizedIcon": "fake:color--1-waypoint-icon.png",
  "x": -2168,
  "y": 79,
  "z": -5341,
  "r": 255,
  "g": 255,
  "b": 255,
  "enable": true,
  "type": "Normal",
  "origin": "waystones",
  "dimensions": [
    "minecraft:overworld"
  ],
  "persistent": true,
  "showDeviation": false,
  "iconColor": -1,
  "customIconColor": false
}