{
  "id": "Mexico_-9908-81-516",
  "name": "Mexico",
  "groupName": ":Waystones",
  "displayId": "waystone:15785443-8240-45e6-8b13-8dc67b337b6c",
  "icon": "journeymap:ui/img/waypoint-icon.png",
  "colorizedIcon": "fake:color--1-waypoint-icon.png",
  "x": -9908,
  "y": 81,
  "z": -516,
  "r": 255,
  "g": 255,
  "b": 255,
  "enable": true,
  "type": "Normal",
  "origin": "waystones",
  "dimensions": [
    "minecraft:overworld"
  ],
  "persistent": true,
  "showDeviation": false,
  "iconColor": -1,
  "customIconColor": false
}