{
  "id": "Santa-Cruz_-2794-123-7431",
  "name": "Santa Cruz",
  "groupName": ":Waystones",
  "displayId": "waystone:2f76fbe8-ec36-42b8-aa78-d6a2ccc1eb62",
  "icon": "journeymap:ui/img/waypoint-icon.png",
  "colorizedIcon": "fake:color--1-waypoint-icon.png",
  "x": -2794,
  "y": 123,
  "z": 7431,
  "r": 255,
  "g": 255,
  "b": 255,
  "enable": true,
  "type": "Normal",
  "origin": "waystones",
  "dimensions": [
    "minecraft:overworld"
  ],
  "persistent": true,
  "showDeviation": false,
  "iconColor": -1,
  "customIconColor": false
}