{
  "id": "Tudor-Village_-5205-101-7143",
  "name": "Tudor Village",
  "groupName": ":Waystones",
  "displayId": "waystone:679b3800-17be-4dc0-a6af-09bdb84a0a16",
  "icon": "journeymap:ui/img/waypoint-icon.png",
  "colorizedIcon": "fake:color--1-waypoint-icon.png",
  "x": -5205,
  "y": 101,
  "z": 7143,
  "r": 255,
  "g": 255,
  "b": 255,
  "enable": true,
  "type": "Normal",
  "origin": "waystones",
  "dimensions": [
    "minecraft:overworld"
  ],
  "persistent": true,
  "showDeviation": false,
  "iconColor": -1,
  "customIconColor": false
}