{
  "id": "Urwald-Dorf_-8275-83-8209",
  "name": "Urwald-Dorf",
  "groupName": ":Waystones",
  "displayId": "waystone:82cd1099-b16c-4ce4-b3e5-bf8291ce1678",
  "icon": "journeymap:ui/img/waypoint-icon.png",
  "colorizedIcon": "fake:color--1-waypoint-icon.png",
  "x": -8275,
  "y": 83,
  "z": -8209,
  "r": 255,
  "g": 255,
  "b": 255,
  "enable": true,
  "type": "Normal",
  "origin": "waystones",
  "dimensions": [
    "minecraft:overworld"
  ],
  "persistent": true,
  "showDeviation": false,
  "iconColor": -1,
  "customIconColor": false
}