{
  "id": "Walddorf_-9621-63-4692",
  "name": "Walddorf",
  "groupName": ":Waystones",
  "displayId": "waystone:1de764cc-d8e9-487d-aecb-1e28b3ab0114",
  "icon": "journeymap:ui/img/waypoint-icon.png",
  "colorizedIcon": "fake:color--1-waypoint-icon.png",
  "x": -9621,
  "y": 63,
  "z": 4692,
  "r": 255,
  "g": 255,
  "b": 255,
  "enable": true,
  "type": "Normal",
  "origin": "waystones",
  "dimensions": [
    "minecraft:overworld"
  ],
  "persistent": true,
  "showDeviation": false,
  "iconColor": -1,
  "customIconColor": false
}