{
  "id": "Wüstenpyramide_-6577-71-709",
  "name": "Wüstenpyramide",
  "groupName": ":Waystones",
  "displayId": "waystone:58d2e844-f8d9-4fef-89ec-d9a4c26f843a",
  "icon": "journeymap:ui/img/waypoint-icon.png",
  "colorizedIcon": "fake:color--1-waypoint-icon.png",
  "x": -6577,
  "y": 71,
  "z": -709,
  "r": 255,
  "g": 255,
  "b": 255,
  "enable": true,
  "type": "Normal",
  "origin": "waystones",
  "dimensions": [
    "minecraft:overworld"
  ],
  "persistent": true,
  "showDeviation": false,
  "iconColor": -1,
  "customIconColor": false
}