{
  "general": {
    "hintOverlayToggle": true,
    "hintNarratorToggle": true,
    "previewOverlay": true,
    "displayTooltip": true,
    "displayBlocks": true,
    "displayEntities": true,
    "displayBosses": true,
    "displayMode": "TOGGLE",
    "hideFromDebug": true,
    "hideFromTabList": true,
    "enableTextToSpeech": false,
    "ttsMode": "PRESS",
    "fluidMode": "SOURCE_ONLY",
    "reachDistance": 0.0,
    "debug": false,
    "itemModNameTooltip": true,
    "bossBarOverlapMode": "HIDE_TOOLTIP",
    "builtinCamouflage": true
  },
  "overlay": {
    "activeTheme": "jade:dark",
    "themesHash": -328442023,
    "overlayPosX": 0.5,
    "overlayPosY": 1.0,
    "overlayScale": 0.98,
    "overlayAnchorX": 0.5,
    "overlayAnchorY": 0.0,
    "overlaySquare": true,
    "flipMainHand": false,
    "autoScaleThreshold": 0.4,
    "alpha": 0.7,
    "iconMode": "TOP",
    "animation": true,
    "disappearingDelay": 0.0
  },
  "formatting": {
    "itemModNameStyle": {
      "italic": true,
      "color": "blue"
    }
  }
}